{"cameraMode":{"drawMode":0,"name":"Shaded","section":"Shading Mode"},"sceneLighting":false,"audioPlay":false,"sceneViewState":{"showFog":true,"showMaterialUpdate":false,"showSkybox":true,"showFlares":true,"showImageEffects":true,"showParticleSystems":true},"in2DMode":false,"pivot":{"x":-25.246049880981447,"y":-8.251720428466797,"z":-32.36088562011719},"rotation":{"x":-0.1983097940683365,"y":-0.042288850992918017,"z":0.008727415464818478,"w":-0.9792904853820801},"size":15.070429801940918,"orthographic":false}