{"cameraMode":{"drawMode":0,"name":"Shaded","section":"Shading Mode"},"sceneLighting":false,"audioPlay":false,"sceneViewState":{"showFog":true,"showMaterialUpdate":false,"showSkybox":true,"showFlares":true,"showImageEffects":true,"showParticleSystems":true},"in2DMode":false,"pivot":{"x":-11.240367889404297,"y":4.781986236572266,"z":14.004172325134278},"rotation":{"x":0.10028087347745896,"y":0.29815375804901125,"z":-0.03151404485106468,"w":0.9487226009368897},"size":90.48575592041016,"orthographic":false}